ApplicationURL,Correo,Password
http://localhost/wordpress/,JosuePerera@gmail.com,8pnbFf36r7
http://localhost/wordpress/,GalaFernandez@gmail.com,yA647w9dQE
http://localhost/wordpress/,DalilaVillalobos@gmail.com,dR33Ed8scf
http://localhost/wordpress/,BonifacioCalver@gmail.com,xQ7m82EAr9
http://localhost/wordpress/,EleuterioFlavio@gmail.com,43QjNxMv6Z
http://localhost/wordpress/,LilianaAlvarez@gmail.com,rAk6pS73vR
http://localhost/wordpress/,SeverianoBenavent@gmail.com,gQ466jAkz5
http://localhost/wordpress/,AdeliaRosalina@gmail.com,y32YJwx7us
http://localhost/wordpress/,AsuncionPeiro@gmail.com,hQQac693d9
http://localhost/wordpress/,JuanitaMartinez@gmail.com,7vxj8Scv35
